rows,cols,traversability_ratio,obstacle_agglomeration_ratio,num_agents,maximum_time,init,goal,h_type,path_length,path_cost,tot_states,percentage_visited_nodes,unique_node_visited,wait,problem_time,heuristic_time,search_time,mem_grid,mem_heuristic,mem_open,mem_closed,mem_path
50,50,0.65,0.1,20,50,506,1866,HeuristicRelaxPath,32,36.798989873223334,206,2.4,39,0,0.015625,0.0,0.015625,0.0546875,0.0546875,0.0546875,2.2109375,0.3046875
50,50,0.65,0.15,20,50,1269,1430,HeuristicRelaxPath,29,33.798989873223334,1,0.06153846153846154,1,0,0.03125,0.0,0.0,0.0546875,0.0546875,0.0546875,0.2109375,0.28125
50,50,0.65,0.2,20,50,871,1712,HeuristicRelaxPath,18,20.72792206135786,1,0.06153846153846154,1,0,0.015625,0.015625,0.0,0.0546875,0.0546875,0.0546875,0.2109375,0.1953125
50,50,0.65,0.25,20,50,269,114,HeuristicRelaxPath,6,6.242640687119286,1,0.06153846153846154,1,0,0.03125,0.015625,0.0,0.0546875,0.0546875,0.0546875,0.2109375,0.1015625
50,50,0.65,0.3,20,50,2463,508,HeuristicRelaxPath,40,41.071067811865476,1,0.06153846153846154,1,0,0.015625,0.0,0.0,0.0546875,0.0546875,0.0546875,0.2109375,0.3671875
50,50,0.65,0.45,20,50,774,148,HeuristicRelaxPath,25,29.384776310850242,193,2.769230769230769,45,0,0.03125,0.0,0.015625,0.0546875,0.0546875,0.0546875,2.2109375,0.25
,,,,,,,,,,,,,,,,,,,,,,
50,50,0.65,0.65,20,50,1326,1949,HeuristicRelaxPath,29,32.55634918610405,1,0.06153846153846154,1,0,0.046875,0.0,0.0,0.0546875,0.0546875,0.0546875,0.2109375,0.28125
,,,,,,,,,,,,,,,,,,,,,,
50,50,0.65,0.75,20,50,506,2478,HeuristicRelaxPath,40,48.112698372208094,1,0.06153846153846154,1,0,0.015625,0.0,0.0,0.0546875,0.0546875,0.0546875,0.2109375,0.3671875
50,50,0.65,0.8,20,50,1448,1944,HeuristicRelaxPath,13,14.485281374238573,1,0.06153846153846154,1,0,0.03125,0.0,0.0,0.0546875,0.0546875,0.0546875,0.2109375,0.15625
50,50,0.65,0.85,20,50,101,1158,HeuristicRelaxPath,22,23.89949493661167,1,0.06153846153846154,1,0,0.03125,0.015625,0.0,0.0546875,0.0546875,0.0546875,0.2109375,0.2265625
50,50,0.65,0.9,20,50,2391,2475,HeuristicRelaxPath,17,16.82842712474619,1,0.06153846153846154,1,0,0.03125,0.0,0.0,0.0546875,0.0546875,0.0546875,0.2109375,0.1875
50,50,0.65,0.95,20,50,2302,2204,HeuristicRelaxPath,3,2.8284271247461903,1,0.06153846153846154,1,0,0.0625,0.0,0.0,0.0546875,0.0546875,0.0546875,0.2109375,0.078125
50,50,0.65,1.0,20,50,1211,1782,HeuristicRelaxPath,26,31.213203435596434,1,0.06153846153846154,1,0,0.03125,0.015625,0.0,0.0546875,0.0546875,0.0546875,0.2109375,0.2578125
50,50,0.65,0.1,20,50,2286,692,HeuristicRelaxPath,33,36.14213562373095,273,3.446153846153846,56,0,0.03125,0.015625,0.015625,0.0546875,0.0546875,0.0546875,2.2109375,0.3125
50,50,0.65,0.15,20,50,251,434,HeuristicRelaxPath,34,38.384776310850235,1,0.06153846153846154,1,0,0.015625,0.015625,0.0,0.0546875,0.0546875,0.0546875,0.2109375,0.3203125
50,50,0.65,0.2,20,50,1328,316,HeuristicRelaxPath,27,30.142135623730955,1,0.06153846153846154,1,0,0.03125,0.0,0.0,0.0546875,0.0546875,0.0546875,0.2109375,0.265625
50,50,0.65,0.25,20,50,2464,765,HeuristicRelaxPath,35,41.04163056034262,380,5.7846153846153845,94,0,0.015625,0.0,0.046875,0.0546875,0.0546875,0.0546875,8.2109375,0.328125
50,50,0.65,0.3,20,50,2232,1677,HeuristicRelaxPath,13,13.656854249492381,1,0.06153846153846154,1,0,0.015625,0.015625,0.0,0.0546875,0.0546875,0.0546875,0.2109375,0.15625
50,50,0.65,0.45,20,50,593,474,HeuristicRelaxPath,20,19.82842712474619,1,0.06153846153846154,1,0,0.03125,0.0,0.0,0.0546875,0.0546875,0.0546875,0.2109375,0.2109375
50,50,0.65,0.5,20,50,338,2230,HeuristicRelaxPath,43,49.4558441227157,1,0.06153846153846154,1,0,0.03125,0.0,0.0,0.0546875,0.0546875,0.0546875,0.2109375,0.390625
50,50,0.65,0.65,20,50,2496,2136,HeuristicRelaxPath,11,12.899494936611667,1,0.06153846153846154,1,0,0.03125,0.0,0.0,0.0546875,0.0546875,0.0546875,0.2109375,0.140625
50,50,0.65,0.7,20,50,721,1661,HeuristicRelaxPath,20,23.142135623730955,1,0.06153846153846154,1,0,0.015625,0.015625,0.0,0.0546875,0.0546875,0.0546875,0.2109375,0.2109375
50,50,0.65,0.75,20,50,710,560,HeuristicRelaxPath,4,3,1,0.06153846153846154,1,0,0.03125,0.0,0.0,0.0546875,0.0546875,0.0546875,0.2109375,0.0859375
50,50,0.65,0.8,20,50,1477,1677,HeuristicRelaxPath,51,62.42640687119281,219,2.707692307692308,44,0,0.03125,0.015625,0.0,0.0546875,0.0546875,0.0546875,2.2109375,0.453125
,,,,,,,,,,,,,,,,,,,,,,
,,,,,,,,,,,,,,,,,,,,,,
,,,,,,,,,,,,,,,,,,,,,,
50,50,0.65,1.0,20,50,1220,1069,HeuristicRelaxPath,4,3.414213562373095,1,0.06153846153846154,1,0,0.03125,0.015625,0.0,0.0546875,0.0546875,0.0546875,0.2109375,0.0859375
50,50,0.65,0.1,20,50,1080,1975,HeuristicRelaxPath,19,20.89949493661167,1,0.06153846153846154,1,0,0.015625,0.015625,0.0,0.0546875,0.0546875,0.0546875,0.2109375,0.203125
50,50,0.65,0.15,20,50,309,495,HeuristicRelaxPath,38,41.142135623730944,1,0.06153846153846154,1,0,0.03125,0.0,0.0,0.0546875,0.0546875,0.0546875,0.2109375,0.3515625
50,50,0.65,0.2,20,50,1363,960,HeuristicRelaxPath,11,11.242640687119286,1,0.06153846153846154,1,0,0.015625,0.0,0.0,0.0546875,0.0546875,0.0546875,0.2109375,0.140625
50,50,0.65,0.25,20,50,668,995,HeuristicRelaxPath,28,29.485281374238575,1,0.06153846153846154,1,0,0.03125,0.0,0.0,0.0546875,0.0546875,0.0546875,0.2109375,0.2734375
,,,,,,,,,,,,,,,,,,,,,,
,,,,,,,,,,,,,,,,,,,,,,
50,50,0.65,0.5,20,50,1632,1470,HeuristicRelaxPath,13,13.242640687119284,28,0.24615384615384617,4,0,0.03125,0.0,0.0,0.0546875,0.0546875,0.0546875,0.2109375,0.15625
50,50,0.65,0.65,20,50,1535,963,HeuristicRelaxPath,24,27.970562748477146,132,1.7846153846153845,29,0,0.03125,0.015625,0.0,0.0546875,0.0546875,0.0546875,2.2109375,0.2421875
50,50,0.65,0.7,20,50,6,2457,HeuristicRelaxPath,50,49.41421356237309,1,0.06153846153846154,1,0,0.015625,0.015625,0.0,0.0546875,0.0546875,0.0546875,0.2109375,0.4453125
50,50,0.65,0.75,20,50,222,323,HeuristicRelaxPath,3,2.414213562373095,1,0.06153846153846154,1,0,0.03125,0.0,0.0,0.0546875,0.0546875,0.0546875,0.2109375,0.078125
50,50,0.65,0.8,20,50,1284,972,HeuristicRelaxPath,13,14.485281374238573,1,0.06153846153846154,1,0,0.03125,0.0,0.0,0.0546875,0.0546875,0.0546875,0.2109375,0.15625
50,50,0.65,0.85,20,50,1640,2086,HeuristicRelaxPath,10,10.65685424949238,1,0.06153846153846154,1,0,0.03125,0.0,0.0,0.0546875,0.0546875,0.0546875,0.2109375,0.1328125
50,50,0.65,0.9,20,50,1409,886,HeuristicRelaxPath,28,31.55634918610405,1,0.06153846153846154,1,0,0.03125,0.0,0.0,0.0546875,0.0546875,0.0546875,0.2109375,0.2734375
,,,,,,,,,,,,,,,,,,,,,,
50,50,0.65,1.0,20,50,949,1236,HeuristicRelaxPath,14,15.485281374238573,1,0.06153846153846154,1,0,0.03125,0.015625,0.0,0.0546875,0.0546875,0.0546875,0.2109375,0.1640625
50,50,0.65,0.1,20,50,2110,1850,HeuristicRelaxPath,11,12.071067811865476,1,0.06153846153846154,1,0,0.03125,0.0,0.0,0.0546875,0.0546875,0.0546875,0.2109375,0.140625
50,50,0.65,0.15,20,50,2369,459,HeuristicRelaxPath,44,48.38477631085024,1,0.06153846153846154,1,0,0.015625,0.0,0.0,0.0546875,0.0546875,0.0546875,0.2109375,0.3984375
,,,,,,,,,,,,,,,,,,,,,,
50,50,0.65,0.25,20,50,273,2036,HeuristicRelaxPath,45,51.45584412271569,1,0.06153846153846154,1,0,0.03125,0.015625,0.0,0.0546875,0.0546875,0.0546875,0.2109375,0.40625
50,50,0.65,0.3,20,50,609,2370,HeuristicRelaxPath,48,54.870057685088796,1,0.06153846153846154,1,0,0.015625,0.0,0.0,0.0546875,0.0546875,0.0546875,0.2109375,0.4296875
50,50,0.65,0.45,20,50,242,381,HeuristicRelaxPath,12,13.071067811865476,1,0.06153846153846154,1,0,0.03125,0.0,0.0,0.0546875,0.0546875,0.0546875,0.2109375,0.1484375
50,50,0.65,0.5,20,50,466,1726,HeuristicRelaxPath,26,29.142135623730955,1,0.06153846153846154,1,0,0.015625,0.0,0.0,0.0546875,0.0546875,0.0546875,0.2109375,0.2578125
50,50,0.65,0.65,20,50,984,439,HeuristicRelaxPath,12,13.071067811865476,1,0.06153846153846154,1,0,0.078125,0.0,0.0,0.0546875,0.0546875,0.0546875,0.2109375,0.1484375
,,,,,,,,,,,,,,,,,,,,,,
50,50,0.65,0.75,20,50,2064,1446,HeuristicRelaxPath,33,37.38477631085024,1,0.06153846153846154,1,0,0.03125,0.015625,0.0,0.0546875,0.0546875,0.0546875,0.2109375,0.3125
50,50,0.65,0.8,20,50,441,1834,HeuristicRelaxPath,31,37.8700576850888,1,0.06153846153846154,1,0,0.015625,0.015625,0.0,0.0546875,0.0546875,0.0546875,0.2109375,0.296875
50,50,0.65,0.85,20,50,482,232,HeuristicRelaxPath,6,5.82842712474619,1,0.06153846153846154,1,0,0.03125,0.0,0.0,0.0546875,0.0546875,0.0546875,0.2109375,0.1015625
50,50,0.65,0.9,20,50,981,2356,HeuristicRelaxPath,32,41.76955262170047,160,1.5384615384615385,25,0,0.046875,0.015625,0.0,0.0546875,0.0546875,0.0546875,2.2109375,0.3046875
50,50,0.65,0.95,20,50,1751,497,HeuristicRelaxPath,47,57.59797974644665,1,0.06153846153846154,1,0,0.03125,0.015625,0.0,0.0546875,0.0546875,0.0546875,0.2109375,0.421875
50,50,0.65,1.0,20,50,754,2174,HeuristicRelaxPath,31,37.45584412271572,1,0.06153846153846154,1,0,0.03125,0.0,0.0,0.0546875,0.0546875,0.0546875,0.2109375,0.296875
50,50,0.65,0.1,20,50,560,454,HeuristicRelaxPath,7,6.82842712474619,1,0.06153846153846154,1,0,0.03125,0.0,0.0,0.0546875,0.0546875,0.0546875,0.2109375,0.109375
50,50,0.65,0.15,20,50,1542,2198,HeuristicRelaxPath,14,15.485281374238573,1,0.06153846153846154,1,0,0.015625,0.015625,0.0,0.0546875,0.0546875,0.0546875,0.2109375,0.1640625
50,50,0.65,0.2,20,50,30,1212,HeuristicRelaxPath,30,34.38477631085024,336,4.676923076923077,76,0,0.03125,0.015625,0.03125,0.0546875,0.0546875,0.0546875,2.2109375,0.2890625
,,,,,,,,,,,,,,,,,,,,,,
50,50,0.65,0.3,20,50,1954,1766,HeuristicRelaxPath,13,13.656854249492381,1,0.06153846153846154,1,0,0.015625,0.0,0.0,0.0546875,0.0546875,0.0546875,0.2109375,0.15625
50,50,0.65,0.45,20,50,1571,1296,HeuristicRelaxPath,28,31.142135623730958,1,0.06153846153846154,1,0,0.03125,0.0,0.0,0.0546875,0.0546875,0.0546875,0.2109375,0.2734375
50,50,0.65,0.5,20,50,988,429,HeuristicRelaxPath,12,14.727922061357859,1,0.06153846153846154,1,0,0.03125,0.0,0.0,0.0546875,0.0546875,0.0546875,0.2109375,0.1484375
50,50,0.65,0.65,20,50,1718,2131,HeuristicRelaxPath,14,16.313708498984763,19,0.1846153846153846,3,0,0.03125,0.0,0.0,0.0546875,0.0546875,0.0546875,0.2109375,0.1640625
50,50,0.65,0.7,20,50,1518,391,HeuristicRelaxPath,33,39.45584412271572,1,0.06153846153846154,1,0,0.03125,0.015625,0.0,0.0546875,0.0546875,0.0546875,0.2109375,0.3125
50,50,0.65,0.75,20,50,298,1437,HeuristicRelaxPath,24,27.55634918610405,235,3.1384615384615384,51,0,0.03125,0.015625,0.015625,0.0546875,0.0546875,0.0546875,2.2109375,0.2421875
50,50,0.65,0.8,20,50,1340,1616,HeuristicRelaxPath,25,26.485281374238575,1,0.06153846153846154,1,0,0.015625,0.0,0.0,0.0546875,0.0546875,0.0546875,0.2109375,0.25
50,50,0.65,0.85,20,50,1148,108,HeuristicRelaxPath,42,49.69848480983497,1,0.06153846153846154,1,0,0.03125,0.0,0.0,0.0546875,0.0546875,0.0546875,0.2109375,0.3828125
50,50,0.65,0.9,20,50,760,2006,HeuristicRelaxPath,32,33.48528137423857,1,0.06153846153846154,1,0,0.03125,0.015625,0.0,0.0546875,0.0546875,0.0546875,0.2109375,0.3046875
50,50,0.65,0.95,20,50,1306,2380,HeuristicRelaxPath,25,32.69848480983501,1,0.06153846153846154,1,0,0.03125,0.015625,0.0,0.0546875,0.0546875,0.0546875,0.2109375,0.25
50,50,0.65,1.0,20,50,2003,2375,HeuristicRelaxPath,25,28.55634918610405,64,0.6153846153846154,10,0,0.046875,0.015625,0.0,0.0546875,0.0546875,0.0546875,0.7109375,0.25
50,50,0.65,0.1,20,50,272,487,HeuristicRelaxPath,16,16.656854249492383,1,0.06153846153846154,1,0,0.03125,0.0,0.0,0.0546875,0.0546875,0.0546875,0.2109375,0.1796875
50,50,0.65,0.15,20,50,1509,620,HeuristicRelaxPath,19,22.55634918610405,1,0.06153846153846154,1,0,0.015625,0.0,0.0,0.0546875,0.0546875,0.0546875,0.2109375,0.203125
50,50,0.65,0.2,20,50,91,2040,HeuristicRelaxPath,40,42.72792206135786,188,2.4615384615384617,40,0,0.03125,0.0,0.015625,0.0546875,0.0546875,0.0546875,2.2109375,0.3671875
50,50,0.65,0.25,20,50,667,2239,HeuristicRelaxPath,36,43.28427124746189,1,0.06153846153846154,1,0,0.015625,0.0,0.0,0.0546875,0.0546875,0.0546875,0.2109375,0.3359375
50,50,0.65,0.3,20,50,1995,1710,HeuristicRelaxPath,36,37.071067811865476,329,4.246153846153846,69,0,0.03125,0.0,0.03125,0.0546875,0.0546875,0.0546875,2.2109375,0.3359375
50,50,0.65,0.45,20,50,1363,966,HeuristicRelaxPath,9,9.242640687119284,1,0.06153846153846154,1,0,0.015625,0.015625,0.0,0.0546875,0.0546875,0.0546875,0.2109375,0.125
50,50,0.65,0.5,20,50,561,1002,HeuristicRelaxPath,10,12.727922061357859,1,0.06153846153846154,1,0,0.046875,0.0,0.0,0.0546875,0.0546875,0.0546875,0.2109375,0.1328125
,,,,,,,,,,,,,,,,,,,,,,
50,50,0.65,0.7,20,50,2465,1721,HeuristicRelaxPath,16,17.485281374238575,1,0.06153846153846154,1,0,0.015625,0.0,0.0,0.0546875,0.0546875,0.0546875,0.2109375,0.1796875
50,50,0.65,0.75,20,50,605,1915,HeuristicRelaxPath,27,30.142135623730955,1,0.06153846153846154,1,0,0.03125,0.0,0.0,0.0546875,0.0546875,0.0546875,0.2109375,0.265625
,,,,,,,,,,,,,,,,,,,,,,
50,50,0.65,0.85,20,50,1566,1949,HeuristicRelaxPath,49,61.25483399593902,1,0.06153846153846154,1,0,0.03125,0.0,0.0,0.0546875,0.0546875,0.0546875,0.2109375,0.4375
,,,,,,,,,,,,,,,,,,,,,,
50,50,0.65,0.95,20,50,1403,2344,HeuristicRelaxPath,42,48.45584412271571,1,0.06153846153846154,1,0,0.03125,0.015625,0.0,0.0546875,0.0546875,0.0546875,0.2109375,0.3828125
50,50,0.65,1.0,20,50,2157,2336,HeuristicRelaxPath,32,34.72792206135786,1,0.06153846153846154,1,0,0.03125,0.0,0.0,0.0546875,0.0546875,0.0546875,0.2109375,0.3046875
50,50,0.65,0.1,20,50,156,1413,HeuristicRelaxPath,26,31.213203435596434,1,0.06153846153846154,1,0,0.015625,0.0,0.0,0.0546875,0.0546875,0.0546875,0.2109375,0.2578125
50,50,0.65,0.15,20,50,1192,1316,HeuristicRelaxPath,29,32.55634918610405,1,0.06153846153846154,1,0,0.03125,0.0,0.0,0.0546875,0.0546875,0.0546875,0.2109375,0.28125
50,50,0.65,0.2,20,50,217,1161,HeuristicRelaxPath,20,21.48528137423857,1,0.06153846153846154,1,0,0.015625,0.0,0.0,0.0546875,0.0546875,0.0546875,0.2109375,0.2109375
,,,,,,,,,,,,,,,,,,,,,,
50,50,0.65,0.3,20,50,1443,1553,HeuristicRelaxPath,41,42.89949493661167,1,0.06153846153846154,1,0,0.015625,0.0,0.0,0.0546875,0.0546875,0.0546875,0.2109375,0.375
50,50,0.65,0.45,20,50,917,565,HeuristicRelaxPath,8,7.82842712474619,1,0.06153846153846154,1,0,0.015625,0.0,0.0,0.0546875,0.0546875,0.0546875,0.2109375,0.1171875
50,50,0.65,0.5,20,50,1432,960,HeuristicRelaxPath,23,25.727922061357862,1,0.06153846153846154,1,0,0.03125,0.0,0.0,0.0546875,0.0546875,0.0546875,0.2109375,0.234375
50,50,0.65,0.65,20,50,424,792,HeuristicRelaxPath,19,20.899494936611667,1,0.06153846153846154,1,0,0.03125,0.0,0.0,0.0546875,0.0546875,0.0546875,0.2109375,0.203125
50,50,0.65,0.7,20,50,660,907,HeuristicRelaxPath,6,6.242640687119285,10,0.12307692307692308,2,0,0.03125,0.015625,0.0,0.0546875,0.0546875,0.0546875,0.2109375,0.1015625
50,50,0.65,0.75,20,50,2004,1224,HeuristicRelaxPath,21,26.62741699796953,1,0.06153846153846154,1,0,0.03125,0.0,0.0,0.0546875,0.0546875,0.0546875,0.2109375,0.21875
50,50,0.65,0.8,20,50,1320,1746,HeuristicRelaxPath,27,29.313708498984763,1,0.06153846153846154,1,0,0.03125,0.0,0.0,0.0546875,0.0546875,0.0546875,0.2109375,0.265625
50,50,0.65,0.85,20,50,169,2274,HeuristicRelaxPath,43,45.72792206135786,1,0.06153846153846154,1,0,0.03125,0.015625,0.0,0.0546875,0.0546875,0.0546875,0.2109375,0.390625
50,50,0.65,0.9,20,50,1818,1793,HeuristicRelaxPath,26,26.242640687119287,1,0.06153846153846154,1,0,0.03125,0.0,0.0,0.0546875,0.0546875,0.0546875,0.2109375,0.2578125
50,50,0.65,0.95,20,50,1690,2391,HeuristicRelaxPath,15,14.414213562373096,1,0.06153846153846154,1,0,0.03125,0.0,0.0,0.0546875,0.0546875,0.0546875,0.2109375,0.171875
,,,,,,,,,,,,,,,,,,,,,,
50,50,0.65,0.1,20,50,1541,15,HeuristicRelaxPath,34,45.01219330881975,1,0.06153846153846154,1,0,0.015625,0.0,0.0,0.0546875,0.0546875,0.0546875,0.2109375,0.3203125
50,50,0.65,0.15,20,50,704,1585,HeuristicRelaxPath,34,39.21320343559643,1,0.06153846153846154,1,0,0.03125,0.015625,0.0,0.0546875,0.0546875,0.0546875,0.2109375,0.3203125
50,50,0.65,0.2,20,50,1404,1855,HeuristicRelaxPath,10,10.242640687119286,1,0.06153846153846154,1,0,0.015625,0.0,0.0,0.0546875,0.0546875,0.0546875,0.2109375,0.1328125
,,,,,,,,,,,,,,,,,,,,,,
50,50,0.65,0.3,20,50,2340,2290,HeuristicRelaxPath,2,1,1,0.06153846153846154,1,0,0.015625,0.0,0.0,0.0546875,0.0546875,0.0546875,0.2109375,0.0703125
50,50,0.65,0.45,20,50,622,272,HeuristicRelaxPath,8,7,1,0.06153846153846154,1,0,0.03125,0.015625,0.0,0.0546875,0.0546875,0.0546875,0.2109375,0.1171875
50,50,0.65,0.5,20,50,1949,1696,HeuristicRelaxPath,6,6.242640687119286,1,0.06153846153846154,1,0,0.015625,0.0,0.0,0.0546875,0.0546875,0.0546875,0.2109375,0.1015625
,,,,,,,,,,,,,,,,,,,,,,
50,50,0.65,0.7,20,50,1576,1620,HeuristicRelaxPath,7,6.414213562373095,1,0.06153846153846154,1,0,0.015625,0.0,0.0,0.0546875,0.0546875,0.0546875,0.2109375,0.109375
50,50,0.65,0.75,20,50,1775,1469,HeuristicRelaxPath,7,8.485281374238571,19,0.1846153846153846,3,0,0.03125,0.0,0.0,0.0546875,0.0546875,0.0546875,0.2109375,0.109375
50,50,0.65,0.8,20,50,1641,2284,HeuristicRelaxPath,14,15.899494936611667,231,3.2615384615384615,53,0,0.03125,0.015625,0.015625,0.0546875,0.0546875,0.0546875,2.2109375,0.1640625
50,50,0.65,0.85,20,50,2354,2122,HeuristicRelaxPath,19,20.071067811865476,1,0.06153846153846154,1,0,0.015625,0.0,0.0,0.0546875,0.0546875,0.0546875,0.2109375,0.203125
50,50,0.65,0.9,20,50,1716,21,HeuristicRelaxPath,35,43.52691193458117,1,0.06153846153846154,1,0,0.03125,0.0,0.0,0.0546875,0.0546875,0.0546875,0.2109375,0.328125
50,50,0.65,0.95,20,50,863,1834,HeuristicRelaxPath,26,32.041630560342625,1,0.06153846153846154,1,0,0.03125,0.0,0.0,0.0546875,0.0546875,0.0546875,0.2109375,0.2578125
50,50,0.65,1.0,20,50,1791,1930,HeuristicRelaxPath,12,12.242640687119287,1,0.06153846153846154,1,0,0.046875,0.0,0.0,0.0546875,0.0546875,0.0546875,0.2109375,0.1484375
50,50,0.65,0.1,20,50,287,582,HeuristicRelaxPath,7,8.071067811865476,1,0.06153846153846154,1,0,0.03125,0.015625,0.0,0.0546875,0.0546875,0.0546875,0.2109375,0.109375
50,50,0.65,0.15,20,50,1712,1426,HeuristicRelaxPath,18,19.071067811865476,1,0.06153846153846154,1,0,0.015625,0.0,0.0,0.0546875,0.0546875,0.0546875,0.2109375,0.1953125
50,50,0.65,0.2,20,50,1237,1714,HeuristicRelaxPath,24,27.142135623730955,1,0.06153846153846154,1,0,0.03125,0.0,0.0,0.0546875,0.0546875,0.0546875,0.2109375,0.2421875
50,50,0.65,0.25,20,50,2065,2477,HeuristicRelaxPath,13,15.313708498984763,1,0.06153846153846154,1,0,0.015625,0.0,0.015625,0.0546875,0.0546875,0.0546875,0.2109375,0.15625
50,50,0.65,0.3,20,50,513,67,HeuristicRelaxPath,10,10.65685424949238,1,0.06153846153846154,1,0,0.015625,0.015625,0.0,0.0546875,0.0546875,0.0546875,0.2109375,0.1328125
50,50,0.65,0.45,20,50,579,505,HeuristicRelaxPath,25,25.242640687119284,1,0.06153846153846154,1,0,0.03125,0.0,0.0,0.0546875,0.0546875,0.0546875,0.2109375,0.25
50,50,0.65,0.5,20,50,1993,869,HeuristicRelaxPath,36,42.8700576850888,1,0.06153846153846154,1,0,0.03125,0.0,0.0,0.0546875,0.0546875,0.0546875,0.2109375,0.3359375
50,50,0.65,0.65,20,50,1851,2258,HeuristicRelaxPath,9,10.899494936611667,1,0.06153846153846154,1,0,0.03125,0.0,0.0,0.0546875,0.0546875,0.0546875,0.2109375,0.125
50,50,0.65,0.7,20,50,1334,1676,HeuristicRelaxPath,11,12.071067811865477,1,0.06153846153846154,1,0,0.03125,0.0,0.0,0.0546875,0.0546875,0.0546875,0.2109375,0.140625
50,50,0.65,0.75,20,50,1151,1334,HeuristicRelaxPath,34,35.071067811865476,137,1.7846153846153845,29,0,0.015625,0.0,0.015625,0.0546875,0.0546875,0.0546875,2.2109375,0.3203125
50,50,0.65,0.8,20,50,1383,130,HeuristicRelaxPath,26,26.242640687119287,37,0.3076923076923077,5,0,0.03125,0.015625,0.0,0.0546875,0.0546875,0.0546875,0.7109375,0.2578125
50,50,0.65,0.85,20,50,2477,1022,HeuristicRelaxPath,36,42.04163056034261,409,6.2153846153846155,101,0,0.03125,0.0,0.046875,0.0546875,0.0546875,0.0546875,8.2109375,0.3359375
50,50,0.65,0.9,20,50,1200,857,HeuristicRelaxPath,8,9.899494936611667,1,0.06153846153846154,1,0,0.03125,0.015625,0.0,0.0546875,0.0546875,0.0546875,0.2109375,0.1171875
50,50,0.65,0.95,20,50,528,749,HeuristicRelaxPath,22,22.65685424949238,1,0.06153846153846154,1,0,0.03125,0.0,0.0,0.0546875,0.0546875,0.0546875,0.2109375,0.2265625
50,50,0.65,1.0,20,50,2140,2225,HeuristicRelaxPath,16,15.828427124746192,1,0.06153846153846154,1,0,0.03125,0.0,0.0,0.0546875,0.0546875,0.0546875,0.2109375,0.1796875
50,50,0.65,0.1,20,50,1142,1075,HeuristicRelaxPath,21,24.142135623730955,1,0.06153846153846154,1,0,0.03125,0.0,0.0,0.0546875,0.0546875,0.0546875,0.2109375,0.21875
50,50,0.65,0.15,20,50,1060,2046,HeuristicRelaxPath,38,46.94112549695427,1,0.06153846153846154,1,0,0.015625,0.0,0.0,0.0546875,0.0546875,0.0546875,0.2109375,0.3515625
50,50,0.65,0.2,20,50,1949,1320,HeuristicRelaxPath,39,43.38477631085023,52,0.43076923076923074,7,0,0.03125,0.015625,0.0,0.0546875,0.0546875,0.0546875,0.7109375,0.359375
50,50,0.65,0.25,20,50,1875,850,HeuristicRelaxPath,30,35.627416997969526,37,0.43076923076923074,7,0,0.03125,0.0,0.0,0.0546875,0.0546875,0.0546875,0.7109375,0.2890625
50,50,0.65,0.3,20,50,601,36,HeuristicRelaxPath,36,39.970562748477136,22,0.24615384615384617,4,0,0.015625,0.0,0.0,0.0546875,0.0546875,0.0546875,0.2109375,0.3359375
50,50,0.65,0.45,20,50,1637,1832,HeuristicRelaxPath,6,6.656854249492381,1,0.06153846153846154,1,0,0.03125,0.0,0.0,0.0546875,0.0546875,0.0546875,0.2109375,0.1015625
50,50,0.65,0.5,20,50,2320,159,HeuristicRelaxPath,45,48.14213562373095,1,0.06153846153846154,1,0,0.015625,0.0,0.0,0.0546875,0.0546875,0.0546875,0.2109375,0.40625
50,50,0.65,0.65,20,50,666,1369,HeuristicRelaxPath,15,16.899494936611667,1,0.06153846153846154,1,0,0.03125,0.0,0.0,0.0546875,0.0546875,0.0546875,0.2109375,0.171875
50,50,0.65,0.7,20,50,456,1740,HeuristicRelaxPath,46,56.59797974644665,1,0.06153846153846154,1,0,0.03125,0.0,0.0,0.0546875,0.0546875,0.0546875,0.2109375,0.4140625
50,50,0.65,0.75,20,50,222,2002,HeuristicRelaxPath,37,44.2842712474619,17,0.1846153846153846,3,0,0.03125,0.0,0.015625,0.0546875,0.0546875,0.0546875,0.2109375,0.34375
50,50,0.65,0.8,20,50,2459,1326,HeuristicRelaxPath,24,30.041630560342625,1,0.06153846153846154,1,0,0.015625,0.015625,0.0,0.0546875,0.0546875,0.0546875,0.2109375,0.2421875
50,50,0.65,0.85,20,50,323,769,HeuristicRelaxPath,10,10.65685424949238,1,0.06153846153846154,1,0,0.03125,0.0,0.0,0.0546875,0.0546875,0.0546875,0.2109375,0.1328125
50,50,0.65,0.9,20,50,2335,1104,HeuristicRelaxPath,32,40.94112549695428,1,0.06153846153846154,1,0,0.03125,0.015625,0.0,0.0546875,0.0546875,0.0546875,0.2109375,0.3046875
50,50,0.65,0.95,20,50,2381,2124,HeuristicRelaxPath,8,9.071067811865476,1,0.06153846153846154,1,0,0.046875,0.0,0.0,0.0546875,0.0546875,0.0546875,0.2109375,0.1171875
50,50,0.65,1.0,20,50,550,221,HeuristicRelaxPath,22,23.899494936611667,1,0.06153846153846154,1,0,0.03125,0.0,0.0,0.0546875,0.0546875,0.0546875,0.2109375,0.2265625
50,50,0.65,0.1,20,50,1944,1418,HeuristicRelaxPath,27,30.142135623730955,302,4.0,65,0,0.03125,0.0,0.03125,0.0546875,0.0546875,0.0546875,2.2109375,0.2734375
50,50,0.65,0.15,20,50,233,1347,HeuristicRelaxPath,23,27.798989873223338,1,0.06153846153846154,1,0,0.015625,0.0,0.0,0.0546875,0.0546875,0.0546875,0.2109375,0.234375
,,,,,,,,,,,,,,,,,,,,,,
,,,,,,,,,,,,,,,,,,,,,,
,,,,,,,,,,,,,,,,,,,,,,
50,50,0.65,0.45,20,50,1246,814,HeuristicRelaxPath,46,55.35533905932735,1,0.06153846153846154,1,0,0.03125,0.0,0.0,0.0546875,0.0546875,0.0546875,0.2109375,0.4140625
50,50,0.65,0.5,20,50,2360,1970,HeuristicRelaxPath,11,13.313708498984763,1,0.06153846153846154,1,0,0.03125,0.0,0.0,0.0546875,0.0546875,0.0546875,0.2109375,0.140625
50,50,0.65,0.65,20,50,1370,2319,HeuristicRelaxPath,25,30.213203435596434,16,0.1846153846153846,3,1,0.03125,0.0,0.0,0.0546875,0.0546875,0.0546875,0.7109375,0.25
50,50,0.65,0.7,20,50,1653,2082,HeuristicRelaxPath,30,32.31370849898477,1,0.06153846153846154,1,0,0.03125,0.0,0.0,0.0546875,0.0546875,0.0546875,0.2109375,0.2890625
50,50,0.65,0.75,20,50,1831,2308,HeuristicRelaxPath,24,27.142135623730955,1,0.06153846153846154,1,0,0.015625,0.0,0.0,0.0546875,0.0546875,0.0546875,0.2109375,0.2421875
50,50,0.65,0.8,20,50,1081,1669,HeuristicRelaxPath,20,24.384776310850242,1,0.06153846153846154,1,0,0.03125,0.0,0.0,0.0546875,0.0546875,0.0546875,0.2109375,0.2109375
50,50,0.65,0.85,20,50,815,1059,HeuristicRelaxPath,7,8.071067811865476,1,0.06153846153846154,1,0,0.03125,0.0,0.0,0.0546875,0.0546875,0.0546875,0.2109375,0.109375
50,50,0.65,0.9,20,50,2215,15,HeuristicRelaxPath,45,48.970562748477136,1,0.06153846153846154,1,0,0.03125,0.0,0.0,0.0546875,0.0546875,0.0546875,0.2109375,0.40625
50,50,0.65,0.95,20,50,385,325,HeuristicRelaxPath,11,11.242640687119284,1,0.06153846153846154,1,0,0.03125,0.0,0.0,0.0546875,0.0546875,0.0546875,0.2109375,0.140625
50,50,0.65,1.0,20,50,1708,1052,HeuristicRelaxPath,14,15.485281374238571,60,0.5538461538461538,9,0,0.046875,0.0,0.0,0.0546875,0.0546875,0.0546875,0.7109375,0.1640625
50,50,0.65,0.1,20,50,1871,531,HeuristicRelaxPath,30,33.14213562373096,230,2.4,39,0,0.03125,0.0,0.015625,0.0546875,0.0546875,0.0546875,2.2109375,0.2890625
50,50,0.65,0.15,20,50,53,1868,HeuristicRelaxPath,37,42.21320343559643,84,1.1076923076923075,18,0,0.015625,0.0,0.015625,0.0546875,0.0546875,0.0546875,0.7109375,0.34375
50,50,0.65,0.2,20,50,1344,1530,HeuristicRelaxPath,15,15.656854249492383,1,0.06153846153846154,1,0,0.03125,0.0,0.0,0.0546875,0.0546875,0.0546875,0.2109375,0.171875
50,50,0.65,0.25,20,50,1192,1336,HeuristicRelaxPath,7,7.242640687119286,1,0.06153846153846154,1,0,0.015625,0.015625,0.0,0.0546875,0.0546875,0.0546875,0.2109375,0.109375
,,,,,,,,,,,,,,,,,,,,,,
50,50,0.65,0.45,20,50,642,1839,HeuristicRelaxPath,25,25.242640687119287,1,0.06153846153846154,1,0,0.015625,0.0,0.0,0.0546875,0.0546875,0.0546875,0.2109375,0.25
50,50,0.65,0.5,20,50,1572,1957,HeuristicRelaxPath,18,22.798989873223338,1,0.06153846153846154,1,0,0.046875,0.0,0.0,0.0546875,0.0546875,0.0546875,0.2109375,0.1953125
50,50,0.65,0.65,20,50,1749,950,HeuristicRelaxPath,51,59.94112549695425,1,0.06153846153846154,1,0,0.03125,0.015625,0.0,0.0546875,0.0546875,0.0546875,0.2109375,0.453125
,,,,,,,,,,,,,,,,,,,,,,
50,50,0.65,0.75,20,50,210,1576,HeuristicRelaxPath,28,33.62741699796953,1,0.06153846153846154,1,0,0.03125,0.015625,0.0,0.0546875,0.0546875,0.0546875,0.2109375,0.2734375
50,50,0.65,0.8,20,50,1918,2431,HeuristicRelaxPath,14,17.142135623730955,1,0.06153846153846154,1,0,0.03125,0.0,0.0,0.0546875,0.0546875,0.0546875,0.2109375,0.1640625
50,50,0.65,0.85,20,50,213,822,HeuristicRelaxPath,13,15.727922061357859,1,0.06153846153846154,1,0,0.03125,0.0,0.0,0.0546875,0.0546875,0.0546875,0.2109375,0.15625
50,50,0.65,0.9,20,50,2397,2226,HeuristicRelaxPath,23,24.48528137423857,1,0.06153846153846154,1,0,0.03125,0.015625,0.0,0.0546875,0.0546875,0.0546875,0.2109375,0.234375
50,50,0.65,0.95,20,50,179,539,HeuristicRelaxPath,11,12.899494936611667,1,0.06153846153846154,1,0,0.03125,0.0,0.0,0.0546875,0.0546875,0.0546875,0.2109375,0.140625
,,,,,,,,,,,,,,,,,,,,,,
50,50,0.65,0.1,20,50,1220,214,HeuristicRelaxPath,23,26.970562748477146,92,1.1076923076923075,18,0,0.03125,0.0,0.0,0.0546875,0.0546875,0.0546875,2.2109375,0.234375
50,50,0.65,0.15,20,50,768,1356,HeuristicRelaxPath,15,18.142135623730955,1,0.06153846153846154,1,0,0.015625,0.0,0.0,0.0546875,0.0546875,0.0546875,0.2109375,0.171875
,,,,,,,,,,,,,,,,,,,,,,
50,50,0.65,0.25,20,50,797,908,HeuristicRelaxPath,40,42.72792206135786,1,0.06153846153846154,1,0,0.015625,0.0,0.0,0.0546875,0.0546875,0.0546875,0.2109375,0.3671875
50,50,0.65,0.3,20,50,1285,1381,HeuristicRelaxPath,5,4.82842712474619,1,0.06153846153846154,1,0,0.015625,0.0,0.0,0.0546875,0.0546875,0.0546875,0.2109375,0.09375
,,,,,,,,,,,,,,,,,,,,,,
50,50,0.65,0.5,20,50,612,1866,HeuristicRelaxPath,26,29.970562748477146,1,0.06153846153846154,1,0,0.03125,0.0,0.0,0.0546875,0.0546875,0.0546875,0.2109375,0.2578125
50,50,0.65,0.65,20,50,461,739,HeuristicRelaxPath,29,32.55634918610405,1,0.06153846153846154,1,0,0.03125,0.015625,0.0,0.0546875,0.0546875,0.0546875,0.2109375,0.28125
50,50,0.65,0.7,20,50,2035,2438,HeuristicRelaxPath,9,9.242640687119284,1,0.06153846153846154,1,0,0.03125,0.0,0.0,0.0546875,0.0546875,0.0546875,0.2109375,0.125
,,,,,,,,,,,,,,,,,,,,,,
50,50,0.65,0.8,20,50,2420,1603,HeuristicRelaxPath,18,23.62741699796953,1,0.06153846153846154,1,0,0.03125,0.015625,0.0,0.0546875,0.0546875,0.0546875,0.2109375,0.1953125
50,50,0.65,0.85,20,50,2436,1860,HeuristicRelaxPath,27,30.55634918610405,10,0.12307692307692308,2,0,0.03125,0.0,0.0,0.0546875,0.0546875,0.0546875,0.2109375,0.265625
50,50,0.65,0.9,20,50,2467,1749,HeuristicRelaxPath,38,46.11269837220808,1,0.06153846153846154,1,0,0.03125,0.0,0.0,0.0546875,0.0546875,0.0546875,0.2109375,0.3515625
50,50,0.65,0.95,20,50,1793,2135,HeuristicRelaxPath,9,10.899494936611667,1,0.06153846153846154,1,0,0.03125,0.0,0.0,0.0546875,0.0546875,0.0546875,0.2109375,0.125
50,50,0.65,1.0,20,50,2371,990,HeuristicRelaxPath,32,40.112698372208094,84,1.0461538461538462,17,0,0.046875,0.0,0.015625,0.0546875,0.0546875,0.0546875,0.7109375,0.3046875
50,50,0.65,0.1,20,50,2238,2415,HeuristicRelaxPath,24,25.485281374238575,1,0.06153846153846154,1,0,0.015625,0.0,0.0,0.0546875,0.0546875,0.0546875,0.2109375,0.2421875
50,50,0.65,0.15,20,50,781,1052,HeuristicRelaxPath,34,35.48528137423857,236,2.4615384615384617,40,0,0.03125,0.015625,0.015625,0.0546875,0.0546875,0.0546875,2.2109375,0.3203125
50,50,0.65,0.2,20,50,1111,2473,HeuristicRelaxPath,28,32.79898987322334,1,0.06153846153846154,1,0,0.015625,0.0,0.0,0.0546875,0.0546875,0.0546875,0.2109375,0.2734375
50,50,0.65,0.25,20,50,160,1072,HeuristicRelaxPath,19,22.970562748477146,10,0.12307692307692308,2,0,0.03125,0.0,0.0,0.0546875,0.0546875,0.0546875,0.2109375,0.203125
50,50,0.65,0.3,20,50,1906,2163,HeuristicRelaxPath,8,9.071067811865476,1,0.06153846153846154,1,0,0.015625,0.015625,0.0,0.0546875,0.0546875,0.0546875,0.2109375,0.1171875
50,50,0.65,0.45,20,50,2162,2382,HeuristicRelaxPath,23,23.65685424949238,1,0.06153846153846154,1,0,0.03125,0.0,0.0,0.0546875,0.0546875,0.0546875,0.2109375,0.234375
50,50,0.65,0.5,20,50,2071,682,HeuristicRelaxPath,29,32.55634918610405,1,0.06153846153846154,1,0,0.015625,0.0,0.0,0.0546875,0.0546875,0.0546875,0.2109375,0.28125
50,50,0.65,0.65,20,50,762,1242,HeuristicRelaxPath,31,33.72792206135786,164,1.5384615384615385,25,0,0.0625,0.0,0.0,0.0546875,0.0546875,0.0546875,2.2109375,0.296875
50,50,0.65,0.7,20,50,1941,1512,HeuristicRelaxPath,38,39.48528137423857,1,0.06153846153846154,1,0,0.015625,0.015625,0.0,0.0546875,0.0546875,0.0546875,0.2109375,0.3515625
,,,,,,,,,,,,,,,,,,,,,,
,,,,,,,,,,,,,,,,,,,,,,
50,50,0.65,0.85,20,50,753,2240,HeuristicRelaxPath,40,51.012193308819754,1,0.06153846153846154,1,0,0.03125,0.0,0.0,0.0546875,0.0546875,0.0546875,0.2109375,0.3671875
50,50,0.65,0.9,20,50,479,2495,HeuristicRelaxPath,41,50.76955262170046,169,2.1538461538461537,35,0,0.03125,0.0,0.015625,0.0546875,0.0546875,0.0546875,2.2109375,0.375
,,,,,,,,,,,,,,,,,,,,,,
50,50,0.65,1.0,20,50,2117,2349,HeuristicRelaxPath,33,33.65685424949238,1,0.06153846153846154,1,0,0.046875,0.0,0.015625,0.0546875,0.0546875,0.0546875,0.2109375,0.3125
50,50,0.65,0.1,20,50,1480,207,HeuristicRelaxPath,30,36.87005768508881,1,0.06153846153846154,1,0,0.03125,0.0,0.0,0.0546875,0.0546875,0.0546875,0.2109375,0.2890625
50,50,0.65,0.15,20,50,1651,1429,HeuristicRelaxPath,29,30.07106781186548,1,0.06153846153846154,1,0,0.015625,0.0,0.0,0.0546875,0.0546875,0.0546875,0.2109375,0.28125
,,,,,,,,,,,,,,,,,,,,,,
50,50,0.65,0.25,20,50,2425,1555,HeuristicRelaxPath,22,27.62741699796953,437,5.661538461538462,92,0,0.015625,0.015625,0.078125,0.0546875,0.0546875,0.0546875,8.2109375,0.2265625
50,50,0.65,0.3,20,50,932,1046,HeuristicRelaxPath,15,14.82842712474619,1,0.06153846153846154,1,0,0.015625,0.0,0.015625,0.0546875,0.0546875,0.0546875,0.2109375,0.171875
50,50,0.65,0.45,20,50,2047,1017,HeuristicRelaxPath,38,46.52691193458117,1,0.06153846153846154,1,0,0.03125,0.0,0.0,0.0546875,0.0546875,0.0546875,0.2109375,0.3515625
50,50,0.65,0.5,20,50,1064,1543,HeuristicRelaxPath,30,32.72792206135786,1,0.06153846153846154,1,0,0.03125,0.015625,0.0,0.0546875,0.0546875,0.0546875,0.2109375,0.2890625
,,,,,,,,,,,,,,,,,,,,,,
50,50,0.65,0.7,20,50,663,207,HeuristicRelaxPath,10,11.485281374238571,1,0.06153846153846154,1,0,0.015625,0.0,0.0,0.0546875,0.0546875,0.0546875,0.2109375,0.1328125
50,50,0.65,0.75,20,50,1987,1131,HeuristicRelaxPath,18,20.313708498984763,157,1.9076923076923078,31,0,0.03125,0.0,0.015625,0.0546875,0.0546875,0.0546875,2.2109375,0.1953125
50,50,0.65,0.8,20,50,816,1697,HeuristicRelaxPath,38,42.38477631085023,259,2.4,39,0,0.03125,0.015625,0.015625,0.0546875,0.0546875,0.0546875,2.2109375,0.3515625
50,50,0.65,0.85,20,50,744,442,HeuristicRelaxPath,7,6.82842712474619,1,0.06153846153846154,1,0,0.015625,0.0,0.0,0.0546875,0.0546875,0.0546875,0.2109375,0.109375
50,50,0.65,0.9,20,50,2012,2279,HeuristicRelaxPath,18,19.899494936611667,1,0.06153846153846154,1,0,0.03125,0.0,0.0,0.0546875,0.0546875,0.0546875,0.2109375,0.1953125
50,50,0.65,0.95,20,50,725,1243,HeuristicRelaxPath,19,22.142135623730955,1,0.06153846153846154,1,0,0.046875,0.0,0.0,0.0546875,0.0546875,0.0546875,0.2109375,0.203125
50,50,0.65,1.0,20,50,2025,1286,HeuristicRelaxPath,16,19.55634918610405,1,0.06153846153846154,1,0,0.03125,0.0,0.0,0.0546875,0.0546875,0.0546875,0.2109375,0.1796875
50,50,0.65,0.1,20,50,2184,876,HeuristicRelaxPath,30,37.698484809834994,198,2.523076923076923,41,0,0.015625,0.015625,0.0,0.0546875,0.0546875,0.0546875,2.2109375,0.2890625
50,50,0.65,0.15,20,50,2097,1843,HeuristicRelaxPath,6,6.65685424949238,43,0.43076923076923074,7,0,0.03125,0.015625,0.0,0.0546875,0.0546875,0.0546875,0.7109375,0.1015625
50,50,0.65,0.2,20,50,2111,110,HeuristicRelaxPath,45,51.04163056034261,1,0.06153846153846154,1,0,0.015625,0.015625,0.0,0.0546875,0.0546875,0.0546875,0.2109375,0.40625
50,50,0.65,0.25,20,50,1571,2058,HeuristicRelaxPath,15,17.72792206135786,1,0.06153846153846154,1,0,0.03125,0.0,0.0,0.0546875,0.0546875,0.0546875,0.2109375,0.171875
50,50,0.65,0.3,20,50,386,2303,HeuristicRelaxPath,51,59.94112549695426,10,0.12307692307692308,2,0,0.015625,0.0,0.0,0.0546875,0.0546875,0.0546875,0.2109375,0.453125
50,50,0.65,0.45,20,50,1251,1839,HeuristicRelaxPath,39,42.55634918610405,1,0.06153846153846154,1,0,0.03125,0.0,0.0,0.0546875,0.0546875,0.0546875,0.2109375,0.359375
50,50,0.65,0.5,20,50,2160,2375,HeuristicRelaxPath,25,31.041630560342625,1,0.06153846153846154,1,0,0.03125,0.0,0.0,0.0546875,0.0546875,0.0546875,0.2109375,0.25
50,50,0.65,0.65,20,50,137,724,HeuristicRelaxPath,20,22.313708498984763,1,0.06153846153846154,1,0,0.03125,0.0,0.0,0.0546875,0.0546875,0.0546875,0.2109375,0.2109375
50,50,0.65,0.7,20,50,1397,2424,HeuristicRelaxPath,31,35.79898987322334,1,0.06153846153846154,1,0,0.015625,0.0,0.0,0.0546875,0.0546875,0.0546875,0.2109375,0.296875
50,50,0.65,0.75,20,50,1188,759,HeuristicRelaxPath,37,39.72792206135785,1,0.06153846153846154,1,0,0.03125,0.0,0.0,0.0546875,0.0546875,0.0546875,0.2109375,0.34375
,,,,,,,,,,,,,,,,,,,,,,
50,50,0.65,0.85,20,50,324,391,HeuristicRelaxPath,18,17.414213562373096,1,0.06153846153846154,1,0,0.03125,0.0,0.0,0.0546875,0.0546875,0.0546875,0.2109375,0.1953125
50,50,0.65,0.9,20,50,1985,148,HeuristicRelaxPath,38,42.384776310850235,1,0.06153846153846154,1,0,0.03125,0.0,0.0,0.0546875,0.0546875,0.0546875,0.2109375,0.3515625
50,50,0.65,0.95,20,50,2104,1240,HeuristicRelaxPath,45,51.4558441227157,261,2.8923076923076922,47,0,0.03125,0.0,0.03125,0.0546875,0.0546875,0.0546875,8.2109375,0.40625
50,50,0.65,1.0,20,50,2091,1605,HeuristicRelaxPath,37,39.72792206135786,495,7.446153846153846,121,0,0.03125,0.0,0.078125,0.0546875,0.0546875,0.0546875,8.2109375,0.34375
50,50,0.65,0.1,20,50,191,2432,HeuristicRelaxPath,47,54.28427124746188,359,4.8,78,0,0.03125,0.015625,0.03125,0.0546875,0.0546875,0.0546875,8.2109375,0.421875
50,50,0.65,0.15,20,50,27,690,HeuristicRelaxPath,29,33.798989873223334,1,0.06153846153846154,1,0,0.015625,0.0,0.0,0.0546875,0.0546875,0.0546875,0.2109375,0.28125
50,50,0.65,0.2,20,50,1496,1959,HeuristicRelaxPath,43,52.35533905932736,180,2.4615384615384617,40,0,0.03125,0.0,0.015625,0.0546875,0.0546875,0.0546875,2.2109375,0.390625
50,50,0.65,0.25,20,50,521,785,HeuristicRelaxPath,15,16.899494936611667,1,0.06153846153846154,1,0,0.015625,0.015625,0.0,0.0546875,0.0546875,0.0546875,0.2109375,0.171875
50,50,0.65,0.3,20,50,1020,303,HeuristicRelaxPath,18,22.798989873223338,22,0.24615384615384617,4,0,0.03125,0.015625,0.0,0.0546875,0.0546875,0.0546875,0.2109375,0.1953125
50,50,0.65,0.45,20,50,1756,430,HeuristicRelaxPath,40,45.62741699796952,1,0.06153846153846154,1,0,0.03125,0.0,0.0,0.0546875,0.0546875,0.0546875,0.2109375,0.3671875
50,50,0.65,0.5,20,50,1777,2005,HeuristicRelaxPath,23,24.89949493661167,1,0.06153846153846154,1,0,0.015625,0.0,0.0,0.0546875,0.0546875,0.0546875,0.2109375,0.234375
,,,,,,,,,,,,,,,,,,,,,,
,,,,,,,,,,,,,,,,,,,,,,
50,50,0.65,0.75,20,50,1408,1315,HeuristicRelaxPath,8,7.82842712474619,1,0.06153846153846154,1,0,0.03125,0.0,0.0,0.0546875,0.0546875,0.0546875,0.2109375,0.1171875
50,50,0.65,0.8,20,50,2114,1972,HeuristicRelaxPath,10,10.65685424949238,1,0.06153846153846154,1,0,0.03125,0.0,0.0,0.0546875,0.0546875,0.0546875,0.2109375,0.1328125
50,50,0.65,0.85,20,50,1133,635,HeuristicRelaxPath,11,10.82842712474619,1,0.06153846153846154,1,0,0.03125,0.0,0.0,0.0546875,0.0546875,0.0546875,0.2109375,0.140625
50,50,0.65,0.9,20,50,1097,2248,HeuristicRelaxPath,24,23.414213562373096,1,0.06153846153846154,1,0,0.03125,0.015625,0.0,0.0546875,0.0546875,0.0546875,0.2109375,0.2421875
50,50,0.65,0.95,20,50,767,1552,HeuristicRelaxPath,18,22.798989873223338,1,0.06153846153846154,1,0,0.03125,0.0,0.0,0.0546875,0.0546875,0.0546875,0.2109375,0.1953125
50,50,0.65,1.0,20,50,1187,1885,HeuristicRelaxPath,15,14.82842712474619,1,0.06153846153846154,1,0,0.03125,0.0,0.015625,0.0546875,0.0546875,0.0546875,0.2109375,0.171875
50,50,0.65,0.1,20,50,1711,936,HeuristicRelaxPath,26,31.62741699796953,1,0.06153846153846154,1,0,0.03125,0.0,0.0,0.0546875,0.0546875,0.0546875,0.2109375,0.2578125
50,50,0.65,0.15,20,50,992,1496,HeuristicRelaxPath,11,12.485281374238571,1,0.06153846153846154,1,0,0.015625,0.015625,0.0,0.0546875,0.0546875,0.0546875,0.2109375,0.140625
50,50,0.65,0.2,20,50,918,69,HeuristicRelaxPath,18,19.07106781186548,1,0.06153846153846154,1,0,0.03125,0.0,0.0,0.0546875,0.0546875,0.0546875,0.2109375,0.1953125
50,50,0.65,0.25,20,50,1669,2129,HeuristicRelaxPath,12,14.313708498984763,1,0.06153846153846154,1,0,0.015625,0.015625,0.0,0.0546875,0.0546875,0.0546875,0.2109375,0.1484375
50,50,0.65,0.3,20,50,716,992,HeuristicRelaxPath,27,32.213203435596434,1,0.06153846153846154,1,0,0.03125,0.0,0.0,0.0546875,0.0546875,0.0546875,0.2109375,0.265625
50,50,0.65,0.45,20,50,2015,2032,HeuristicRelaxPath,18,21.142135623730955,1,0.06153846153846154,1,0,0.015625,0.015625,0.0,0.0546875,0.0546875,0.0546875,0.2109375,0.1953125
50,50,0.65,0.5,20,50,2346,2144,HeuristicRelaxPath,5,4.82842712474619,1,0.06153846153846154,1,0,0.03125,0.0,0.0,0.0546875,0.0546875,0.0546875,0.2109375,0.09375
50,50,0.65,0.65,20,50,1872,2426,HeuristicRelaxPath,12,13.485281374238571,1,0.06153846153846154,1,0,0.03125,0.0,0.0,0.0546875,0.0546875,0.0546875,0.2109375,0.1484375
50,50,0.65,0.7,20,50,435,381,HeuristicRelaxPath,5,4.414213562373095,1,0.06153846153846154,1,0,0.03125,0.0,0.0,0.0546875,0.0546875,0.0546875,0.2109375,0.09375
50,50,0.65,0.75,20,50,2200,1884,HeuristicRelaxPath,35,38.55634918610405,1,0.06153846153846154,1,0,0.03125,0.015625,0.0,0.0546875,0.0546875,0.0546875,0.2109375,0.328125
50,50,0.65,0.8,20,50,1245,1303,HeuristicRelaxPath,48,53.21320343559641,194,2.4,39,0,0.015625,0.015625,0.0,0.0546875,0.0546875,0.0546875,2.2109375,0.4296875
50,50,0.65,0.85,20,50,32,327,HeuristicRelaxPath,7,8.071067811865476,1,0.06153846153846154,1,0,0.03125,0.0,0.0,0.0546875,0.0546875,0.0546875,0.2109375,0.109375
50,50,0.65,0.9,20,50,946,2261,HeuristicRelaxPath,36,46.18376618407357,1,0.06153846153846154,1,0,0.03125,0.0,0.0,0.0546875,0.0546875,0.0546875,0.2109375,0.3359375
50,50,0.65,0.95,20,50,1819,1190,HeuristicRelaxPath,22,26.384776310850242,22,0.24615384615384617,4,0,0.03125,0.0,0.0,0.0546875,0.0546875,0.0546875,0.2109375,0.2265625
50,50,0.65,1.0,20,50,2313,1831,HeuristicRelaxPath,19,22.142135623730955,145,1.7846153846153845,29,0,0.046875,0.0,0.015625,0.0546875,0.0546875,0.0546875,2.2109375,0.203125
50,50,0.65,0.1,20,50,1286,619,HeuristicRelaxPath,18,22.384776310850242,10,0.12307692307692308,2,0,0.03125,0.015625,0.0,0.0546875,0.0546875,0.0546875,0.2109375,0.1953125
50,50,0.65,0.15,20,50,1115,1125,HeuristicRelaxPath,11,10.82842712474619,1,0.06153846153846154,1,0,0.015625,0.0,0.0,0.0546875,0.0546875,0.0546875,0.2109375,0.140625
50,50,0.65,0.2,20,50,1371,67,HeuristicRelaxPath,27,30.970562748477146,1,0.06153846153846154,1,0,0.03125,0.0,0.0,0.0546875,0.0546875,0.0546875,0.2109375,0.265625
50,50,0.65,0.25,20,50,692,760,HeuristicRelaxPath,35,39.79898987322333,1,0.06153846153846154,1,0,0.015625,0.0,0.0,0.0546875,0.0546875,0.0546875,0.2109375,0.328125
50,50,0.65,0.3,20,50,2000,1421,HeuristicRelaxPath,22,25.970562748477146,1,0.06153846153846154,1,0,0.03125,0.0,0.0,0.0546875,0.0546875,0.0546875,0.2109375,0.2265625
50,50,0.65,0.45,20,50,1243,530,HeuristicRelaxPath,19,23.384776310850242,7,0.12307692307692308,2,0,0.015625,0.0,0.0,0.0546875,0.0546875,0.0546875,0.2109375,0.203125
50,50,0.65,0.5,20,50,109,1457,HeuristicRelaxPath,29,35.041630560342625,126,1.7846153846153845,29,0,0.03125,0.0,0.015625,0.0546875,0.0546875,0.0546875,2.2109375,0.28125
50,50,0.65,0.65,20,50,1180,1753,HeuristicRelaxPath,29,32.55634918610405,47,0.49230769230769234,8,0,0.03125,0.0,0.0,0.0546875,0.0546875,0.0546875,0.7109375,0.28125
50,50,0.65,0.7,20,50,50,1124,HeuristicRelaxPath,25,32.69848480983501,1,0.06153846153846154,1,0,0.03125,0.015625,0.0,0.0546875,0.0546875,0.0546875,0.2109375,0.25
50,50,0.65,0.75,20,50,988,2004,HeuristicRelaxPath,40,51.42640687119284,1,0.06153846153846154,1,0,0.03125,0.015625,0.0,0.0546875,0.0546875,0.0546875,0.2109375,0.3671875
50,50,0.65,0.8,20,50,1114,1922,HeuristicRelaxPath,17,20.970562748477146,1,0.06153846153846154,1,0,0.015625,0.015625,0.0,0.0546875,0.0546875,0.0546875,0.2109375,0.1875
50,50,0.65,0.85,20,50,86,434,HeuristicRelaxPath,8,7.82842712474619,1,0.06153846153846154,1,0,0.03125,0.0,0.0,0.0546875,0.0546875,0.0546875,0.2109375,0.1171875
,,,,,,,,,,,,,,,,,,,,,,
50,50,0.65,0.95,20,50,967,151,HeuristicRelaxPath,17,22.62741699796953,1,0.06153846153846154,1,0,0.03125,0.0,0.0,0.0546875,0.0546875,0.0546875,0.2109375,0.1875
50,50,0.65,1.0,20,50,2174,2224,HeuristicRelaxPath,2,1,1,0.06153846153846154,1,0,0.046875,0.0,0.0,0.0546875,0.0546875,0.0546875,0.2109375,0.0703125
50,50,0.65,0.1,20,50,2249,1841,HeuristicRelaxPath,13,14.485281374238571,1,0.06153846153846154,1,0,0.015625,0.015625,0.0,0.0546875,0.0546875,0.0546875,0.2109375,0.15625
50,50,0.65,0.15,20,50,1657,1645,HeuristicRelaxPath,49,56.698484809834966,440,5.415384615384616,88,0,0.03125,0.0,0.046875,0.0546875,0.0546875,0.0546875,8.2109375,0.4375
50,50,0.65,0.2,20,50,1654,1310,HeuristicRelaxPath,8,9.485281374238571,1,0.06153846153846154,1,0,0.03125,0.0,0.0,0.0546875,0.0546875,0.0546875,0.2109375,0.1171875
50,50,0.65,0.25,20,50,243,1721,HeuristicRelaxPath,36,44.52691193458117,208,2.769230769230769,45,0,0.015625,0.015625,0.015625,0.0546875,0.0546875,0.0546875,2.2109375,0.3359375
50,50,0.65,0.3,20,50,470,1028,HeuristicRelaxPath,20,22.313708498984763,1,0.06153846153846154,1,0,0.015625,0.0,0.0,0.0546875,0.0546875,0.0546875,0.2109375,0.2109375
50,50,0.65,0.45,20,50,2152,2266,HeuristicRelaxPath,15,14.82842712474619,1,0.06153846153846154,1,0,0.03125,0.0,0.0,0.0546875,0.0546875,0.0546875,0.2109375,0.171875
,,,,,,,,,,,,,,,,,,,,,,
50,50,0.65,0.65,20,50,1023,541,HeuristicRelaxPath,21,23.313708498984763,14,0.1846153846153846,3,0,0.03125,0.0,0.0,0.0546875,0.0546875,0.0546875,0.2109375,0.21875
50,50,0.65,0.7,20,50,1269,1357,HeuristicRelaxPath,13,12.828427124746192,160,2.0307692307692307,33,0,0.015625,0.0,0.015625,0.0546875,0.0546875,0.0546875,2.2109375,0.1640625
,,,,,,,,,,,,,,,,,,,,,,
,,,,,,,,,,,,,,,,,,,,,,
50,50,0.65,0.85,20,50,1876,90,HeuristicRelaxPath,37,41.798989873223334,216,2.830769230769231,46,0,0.03125,0.0,0.015625,0.0546875,0.0546875,0.0546875,2.2109375,0.34375
50,50,0.65,0.9,20,50,2298,2135,HeuristicRelaxPath,14,14.242640687119287,1,0.06153846153846154,1,0,0.03125,0.0,0.0,0.0546875,0.0546875,0.0546875,0.2109375,0.1640625
,,,,,,,,,,,,,,,,,,,,,,
50,50,0.65,1.0,20,50,918,1170,HeuristicRelaxPath,6,5.82842712474619,63,0.7384615384615384,12,0,0.03125,0.015625,0.0,0.0546875,0.0546875,0.0546875,0.7109375,0.1015625
50,50,0.65,0.1,20,50,909,56,HeuristicRelaxPath,18,19.899494936611667,1,0.06153846153846154,1,0,0.046875,0.0,0.0,0.0546875,0.0546875,0.0546875,0.2109375,0.1953125
50,50,0.65,0.15,20,50,464,575,HeuristicRelaxPath,13,14.071067811865477,1,0.06153846153846154,1,0,0.03125,0.0,0.0,0.0546875,0.0546875,0.0546875,0.2109375,0.15625
50,50,0.65,0.2,20,50,676,49,HeuristicRelaxPath,24,28.384776310850242,1,0.06153846153846154,1,0,0.03125,0.0,0.0,0.0546875,0.0546875,0.0546875,0.2109375,0.2421875
50,50,0.65,0.25,20,50,839,1731,HeuristicRelaxPath,24,26.72792206135786,1,0.06153846153846154,1,0,0.046875,0.0,0.0,0.0546875,0.0546875,0.0546875,0.2109375,0.2421875
50,50,0.65,0.3,20,50,1233,1463,HeuristicRelaxPath,21,22.899494936611667,1,0.06153846153846154,1,0,0.046875,0.0,0.0,0.0546875,0.0546875,0.0546875,0.2109375,0.21875
50,50,0.65,0.45,20,50,1664,1850,HeuristicRelaxPath,15,15.656854249492383,1,0.06153846153846154,1,0,0.046875,0.0,0.0,0.0546875,0.0546875,0.0546875,0.2109375,0.171875
,,,,,,,,,,,,,,,,,,,,,,
50,50,0.65,0.65,20,50,146,680,HeuristicRelaxPath,23,26.55634918610405,182,2.4,39,0,0.0625,0.0,0.015625,0.0546875,0.0546875,0.0546875,2.2109375,0.234375
50,50,0.65,0.7,20,50,141,161,HeuristicRelaxPath,32,31,123,1.1076923076923075,18,0,0.03125,0.0,0.0,0.0546875,0.0546875,0.0546875,0.7109375,0.3046875
50,50,0.65,0.75,20,50,1745,240,HeuristicRelaxPath,31,32.071067811865476,1,0.06153846153846154,1,0,0.046875,0.015625,0.0,0.0546875,0.0546875,0.0546875,0.2109375,0.296875
50,50,0.65,0.8,20,50,2144,1065,HeuristicRelaxPath,31,38.2842712474619,1,0.06153846153846154,1,0,0.046875,0.0,0.0,0.0546875,0.0546875,0.0546875,0.2109375,0.296875
50,50,0.65,0.85,20,50,1101,1656,HeuristicRelaxPath,14,14.242640687119287,87,0.676923076923077,11,0,0.046875,0.015625,0.0,0.0546875,0.0546875,0.0546875,0.7109375,0.1640625
50,50,0.65,0.9,20,50,882,2204,HeuristicRelaxPath,44,51.28427124746188,364,4.369230769230769,71,0,0.03125,0.0,0.046875,0.0546875,0.0546875,0.0546875,2.2109375,0.3984375
50,50,0.65,0.95,20,50,2063,1119,HeuristicRelaxPath,20,21.48528137423857,22,0.24615384615384617,4,0,0.03125,0.015625,0.0,0.0546875,0.0546875,0.0546875,0.2109375,0.2109375
50,50,0.65,1.0,20,50,280,2392,HeuristicRelaxPath,45,53.11269837220807,1,0.06153846153846154,1,0,0.046875,0.0,0.0,0.0546875,0.0546875,0.0546875,0.2109375,0.40625
50,50,0.65,0.1,20,50,806,1804,HeuristicRelaxPath,21,24.142135623730955,1,0.06153846153846154,1,0,0.03125,0.015625,0.0,0.0546875,0.0546875,0.0546875,0.2109375,0.21875
50,50,0.65,0.15,20,50,326,174,HeuristicRelaxPath,4,3.8284271247461903,1,0.06153846153846154,1,0,0.03125,0.0,0.0,0.0546875,0.0546875,0.0546875,0.2109375,0.0859375
50,50,0.65,0.2,20,50,1804,802,HeuristicRelaxPath,21,20.82842712474619,1,0.06153846153846154,1,0,0.015625,0.0,0.0,0.0546875,0.0546875,0.0546875,0.2109375,0.21875
50,50,0.65,0.25,20,50,680,1820,HeuristicRelaxPath,25,31.870057685088817,1,0.06153846153846154,1,0,0.03125,0.015625,0.0,0.0546875,0.0546875,0.0546875,0.2109375,0.25
,,,,,,,,,,,,,,,,,,,,,,
50,50,0.65,0.45,20,50,321,677,HeuristicRelaxPath,8,9.485281374238571,1,0.06153846153846154,1,0,0.015625,0.0,0.0,0.0546875,0.0546875,0.0546875,0.2109375,0.1171875
50,50,0.65,0.5,20,50,1840,1026,HeuristicRelaxPath,21,25.798989873223338,1,0.06153846153846154,1,0,0.03125,0.015625,0.0,0.0546875,0.0546875,0.0546875,0.2109375,0.21875
50,50,0.65,0.65,20,50,1828,291,HeuristicRelaxPath,37,40.97056274847714,1,0.06153846153846154,1,0,0.03125,0.015625,0.0,0.0546875,0.0546875,0.0546875,0.2109375,0.34375
50,50,0.65,0.7,20,50,628,728,HeuristicRelaxPath,3,2,1,0.06153846153846154,1,0,0.03125,0.0,0.0,0.0546875,0.0546875,0.0546875,0.2109375,0.078125
50,50,0.65,0.75,20,50,1589,2222,HeuristicRelaxPath,24,26.72792206135786,1,0.06153846153846154,1,0,0.03125,0.0,0.0,0.0546875,0.0546875,0.0546875,0.2109375,0.2421875
,,,,,,,,,,,,,,,,,,,,,,
50,50,0.65,0.85,20,50,1077,1553,HeuristicRelaxPath,27,29.313708498984763,1,0.06153846153846154,1,0,0.03125,0.0,0.0,0.0546875,0.0546875,0.0546875,0.2109375,0.265625
,,,,,,,,,,,,,,,,,,,,,,
50,50,0.65,0.95,20,50,962,1953,HeuristicRelaxPath,21,23.72792206135786,10,0.12307692307692308,2,0,0.03125,0.0,0.0,0.0546875,0.0546875,0.0546875,0.2109375,0.21875
,,,,,,,,,,,,,,,,,,,,,,
50,50,0.65,0.1,20,50,1314,1817,HeuristicRelaxPath,11,11.242640687119286,1,0.06153846153846154,1,0,0.015625,0.015625,0.0,0.0546875,0.0546875,0.0546875,0.2109375,0.140625
50,50,0.65,0.15,20,50,1820,35,HeuristicRelaxPath,43,52.35533905932736,136,1.6615384615384614,27,0,0.03125,0.0,0.015625,0.0546875,0.0546875,0.0546875,2.2109375,0.390625
,,,,,,,,,,,,,,,,,,,,,,
,,,,,,,,,,,,,,,,,,,,,,
50,50,0.65,0.3,20,50,1960,532,HeuristicRelaxPath,34,40.45584412271571,10,0.12307692307692308,2,0,0.015625,0.0,0.015625,0.0546875,0.0546875,0.0546875,0.2109375,0.3203125
50,50,0.65,0.45,20,50,1377,1098,HeuristicRelaxPath,22,25.142135623730955,158,1.5384615384615385,25,0,0.03125,0.015625,0.0,0.0546875,0.0546875,0.0546875,2.2109375,0.2265625
50,50,0.65,0.5,20,50,1225,1613,HeuristicRelaxPath,27,32.62741699796953,1,0.06153846153846154,1,0,0.015625,0.0,0.0,0.0546875,0.0546875,0.0546875,0.2109375,0.265625
50,50,0.65,0.65,20,50,1445,21,HeuristicRelaxPath,39,43.798989873223334,1,0.06153846153846154,1,0,0.046875,0.0,0.0,0.0546875,0.0546875,0.0546875,0.2109375,0.359375
50,50,0.65,0.7,20,50,1046,358,HeuristicRelaxPath,39,43.38477631085024,173,2.4,39,0,0.03125,0.0,0.015625,0.0546875,0.0546875,0.0546875,2.2109375,0.359375
50,50,0.65,0.75,20,50,184,2355,HeuristicRelaxPath,51,61.183766184073555,1,0.06153846153846154,1,0,0.015625,0.0,0.0,0.0546875,0.0546875,0.0546875,0.2109375,0.453125
50,50,0.65,0.8,20,50,1836,932,HeuristicRelaxPath,19,19.656854249492383,1,0.06153846153846154,1,0,0.03125,0.0,0.0,0.0546875,0.0546875,0.0546875,0.2109375,0.203125
50,50,0.65,0.85,20,50,892,1567,HeuristicRelaxPath,51,59.526911934581165,576,6.953846153846153,113,0,0.03125,0.015625,0.0625,0.0546875,0.0546875,0.0546875,8.2109375,0.453125
50,50,0.65,0.9,20,50,1191,586,HeuristicRelaxPath,14,14.656854249492381,1,0.06153846153846154,1,0,0.03125,0.0,0.0,0.0546875,0.0546875,0.0546875,0.2109375,0.1640625
50,50,0.65,0.95,20,50,124,1062,HeuristicRelaxPath,21,27.041630560342625,1,0.06153846153846154,1,0,0.03125,0.0,0.0,0.0546875,0.0546875,0.0546875,0.2109375,0.21875
50,50,0.65,1.0,20,50,1059,1720,HeuristicRelaxPath,35,39.798989873223334,1,0.06153846153846154,1,0,0.03125,0.0,0.0,0.0546875,0.0546875,0.0546875,0.2109375,0.328125
50,50,0.65,0.1,20,50,225,2072,HeuristicRelaxPath,38,41.55634918610404,1,0.06153846153846154,1,0,0.015625,0.0,0.0,0.0546875,0.0546875,0.0546875,0.2109375,0.3515625
50,50,0.65,0.15,20,50,2189,974,HeuristicRelaxPath,32,34.31370849898477,1,0.06153846153846154,1,0,0.03125,0.0,0.0,0.0546875,0.0546875,0.0546875,0.2109375,0.3046875
50,50,0.65,0.2,20,50,1623,724,HeuristicRelaxPath,19,20.899494936611667,118,1.723076923076923,28,0,0.015625,0.0,0.015625,0.0546875,0.0546875,0.0546875,2.2109375,0.203125
50,50,0.65,0.25,20,50,2232,1469,HeuristicRelaxPath,25,27.313708498984766,25,0.3692307692307692,6,0,0.03125,0.0,0.015625,0.0546875,0.0546875,0.0546875,0.7109375,0.25
50,50,0.65,0.3,20,50,425,790,HeuristicRelaxPath,16,17.899494936611667,1,0.06153846153846154,1,0,0.015625,0.0,0.0,0.0546875,0.0546875,0.0546875,0.2109375,0.1796875
50,50,0.65,0.45,20,50,2220,295,HeuristicRelaxPath,40,49.35533905932737,1,0.06153846153846154,1,0,0.03125,0.015625,0.0,0.0546875,0.0546875,0.0546875,0.2109375,0.3671875
50,50,0.65,0.5,20,50,1464,1751,HeuristicRelaxPath,14,15.485281374238573,1,0.06153846153846154,1,0,0.015625,0.0,0.0,0.0546875,0.0546875,0.0546875,0.2109375,0.1640625
50,50,0.65,0.65,20,50,1153,1422,HeuristicRelaxPath,20,21.071067811865476,1,0.06153846153846154,1,0,0.03125,0.0,0.0,0.0546875,0.0546875,0.0546875,0.2109375,0.2109375
50,50,0.65,0.7,20,50,1732,67,HeuristicRelaxPath,34,39.21320343559642,531,7.076923076923077,115,0,0.015625,0.015625,0.0625,0.0546875,0.0546875,0.0546875,8.2109375,0.3203125
50,50,0.65,0.75,20,50,1961,302,HeuristicRelaxPath,34,36.72792206135786,1,0.06153846153846154,1,0,0.03125,0.0,0.0,0.0546875,0.0546875,0.0546875,0.2109375,0.3203125
50,50,0.65,0.8,20,50,2101,174,HeuristicRelaxPath,40,48.52691193458118,1,0.06153846153846154,1,0,0.03125,0.0,0.0,0.0546875,0.0546875,0.0546875,0.2109375,0.3671875
,,,,,,,,,,,,,,,,,,,,,,
50,50,0.65,0.9,20,50,2361,1401,HeuristicRelaxPath,20,23.142135623730955,1,0.06153846153846154,1,0,0.03125,0.0,0.0,0.0546875,0.0546875,0.0546875,0.2109375,0.2109375
50,50,0.65,0.95,20,50,1249,1398,HeuristicRelaxPath,4,3.414213562373095,1,0.06153846153846154,1,0,0.03125,0.0,0.0,0.0546875,0.0546875,0.0546875,0.2109375,0.0859375
,,,,,,,,,,,,,,,,,,,,,,
50,50,0.65,0.1,20,50,1901,2192,HeuristicRelaxPath,42,43.89949493661166,325,3.8153846153846156,62,0,0.03125,0.0,0.03125,0.0546875,0.0546875,0.0546875,2.2109375,0.3828125
50,50,0.65,0.15,20,50,2218,651,HeuristicRelaxPath,39,47.11269837220807,1,0.06153846153846154,1,0,0.015625,0.0,0.0,0.0546875,0.0546875,0.0546875,0.2109375,0.359375
50,50,0.65,0.2,20,50,2469,2236,HeuristicRelaxPath,18,19.071067811865476,1,0.06153846153846154,1,0,0.03125,0.0,0.0,0.0546875,0.0546875,0.0546875,0.2109375,0.1953125
50,50,0.65,0.25,20,50,1211,898,HeuristicRelaxPath,39,41.31370849898476,1,0.06153846153846154,1,0,0.015625,0.0,0.0,0.0546875,0.0546875,0.0546875,0.2109375,0.359375
50,50,0.65,0.3,20,50,742,122,HeuristicRelaxPath,25,27.313708498984766,89,1.1692307692307693,19,0,0.03125,0.0,0.0,0.0546875,0.0546875,0.0546875,2.2109375,0.25
50,50,0.65,0.45,20,50,2160,1864,HeuristicRelaxPath,7,7.656854249492381,1,0.06153846153846154,1,0,0.015625,0.0,0.0,0.0546875,0.0546875,0.0546875,0.2109375,0.109375
50,50,0.65,0.5,20,50,1573,1186,HeuristicRelaxPath,14,16.313708498984763,1,0.06153846153846154,1,0,0.03125,0.0,0.0,0.0546875,0.0546875,0.0546875,0.2109375,0.1640625
50,50,0.65,0.65,20,50,1043,2309,HeuristicRelaxPath,38,47.35533905932737,1,0.06153846153846154,1,0,0.0625,0.0,0.0,0.0546875,0.0546875,0.0546875,0.2109375,0.3515625
50,50,0.65,0.7,20,50,977,1186,HeuristicRelaxPath,10,10.65685424949238,1,0.06153846153846154,1,0,0.015625,0.015625,0.0,0.0546875,0.0546875,0.0546875,0.2109375,0.1328125
50,50,0.65,0.75,20,50,2423,200,HeuristicRelaxPath,48,56.11269837220808,727,11.200000000000001,182,0,0.03125,0.0,0.125,0.0546875,0.0546875,0.0546875,8.2109375,0.4296875
50,50,0.65,0.8,20,50,1883,59,HeuristicRelaxPath,42,52.183766184073555,1,0.06153846153846154,1,0,0.03125,0.0,0.0,0.0546875,0.0546875,0.0546875,0.2109375,0.3828125
50,50,0.65,0.85,20,50,1034,2499,HeuristicRelaxPath,30,35.213203435596434,1,0.06153846153846154,1,0,0.03125,0.0,0.0,0.0546875,0.0546875,0.0546875,0.2109375,0.2890625
50,50,0.65,0.9,20,50,1986,246,HeuristicRelaxPath,36,39.14213562373095,354,4.861538461538462,79,0,0.03125,0.015625,0.03125,0.0546875,0.0546875,0.0546875,8.2109375,0.3359375
50,50,0.65,0.95,20,50,2353,9,HeuristicRelaxPath,48,49.485281374238575,58,0.6153846153846154,10,0,0.046875,0.0,0.0,0.0546875,0.0546875,0.0546875,0.7109375,0.4296875
50,50,0.65,1.0,20,50,1764,1734,HeuristicRelaxPath,21,20.414213562373096,1,0.06153846153846154,1,0,0.03125,0.015625,0.0,0.0546875,0.0546875,0.0546875,0.2109375,0.21875
50,50,0.65,0.1,20,50,765,2398,HeuristicRelaxPath,41,51.18376618407354,226,3.0153846153846153,49,0,0.015625,0.0,0.015625,0.0546875,0.0546875,0.0546875,2.2109375,0.375
50,50,0.65,0.15,20,50,1613,1805,HeuristicRelaxPath,10,10.242640687119286,53,0.7384615384615384,12,0,0.03125,0.0,0.0,0.0546875,0.0546875,0.0546875,0.7109375,0.1328125
50,50,0.65,0.2,20,50,881,1385,HeuristicRelaxPath,20,21.07106781186548,1,0.06153846153846154,1,0,0.015625,0.0,0.0,0.0546875,0.0546875,0.0546875,0.2109375,0.2109375
50,50,0.65,0.25,20,50,1169,706,HeuristicRelaxPath,21,23.313708498984766,1,0.06153846153846154,1,0,0.03125,0.0,0.0,0.0546875,0.0546875,0.0546875,0.2109375,0.21875
50,50,0.65,0.3,20,50,1666,868,HeuristicRelaxPath,22,26.384776310850242,1,0.06153846153846154,1,0,0.015625,0.015625,0.0,0.0546875,0.0546875,0.0546875,0.2109375,0.2265625
50,50,0.65,0.45,20,50,205,1749,HeuristicRelaxPath,51,62.42640687119283,1,0.06153846153846154,1,0,0.03125,0.0,0.0,0.0546875,0.0546875,0.0546875,0.2109375,0.453125
50,50,0.65,0.5,20,50,2222,2160,HeuristicRelaxPath,13,13.242640687119286,1,0.06153846153846154,1,0,0.015625,0.015625,0.0,0.0546875,0.0546875,0.0546875,0.2109375,0.15625
50,50,0.65,0.65,20,50,1482,1934,HeuristicRelaxPath,10,11.485281374238571,1,0.06153846153846154,1,0,0.046875,0.0,0.0,0.0546875,0.0546875,0.0546875,0.2109375,0.1328125
50,50,0.65,0.7,20,50,1586,2192,HeuristicRelaxPath,13,14.485281374238573,42,0.5538461538461538,9,0,0.015625,0.015625,0.0,0.0546875,0.0546875,0.0546875,0.7109375,0.15625
50,50,0.65,0.75,20,50,646,1675,HeuristicRelaxPath,22,29.69848480983501,10,0.12307692307692308,2,0,0.03125,0.0,0.0,0.0546875,0.0546875,0.0546875,0.2109375,0.2265625
,,,,,,,,,,,,,,,,,,,,,,
,,,,,,,,,,,,,,,,,,,,,,
,,,,,,,,,,,,,,,,,,,,,,
50,50,0.65,0.95,20,50,140,2064,HeuristicRelaxPath,49,55.04163056034262,1,0.06153846153846154,1,0,0.03125,0.0,0.0,0.0546875,0.0546875,0.0546875,0.2109375,0.4375
50,50,0.65,1.0,20,50,695,312,HeuristicRelaxPath,35,37.31370849898477,1,0.06153846153846154,1,0,0.046875,0.015625,0.0,0.0546875,0.0546875,0.0546875,0.2109375,0.328125
50,50,0.65,0.1,20,50,1907,694,HeuristicRelaxPath,44,51.698484809834994,364,3.9384615384615387,64,0,0.03125,0.0,0.03125,0.0546875,0.0546875,0.0546875,2.2109375,0.3984375
50,50,0.65,0.15,20,50,1565,1213,HeuristicRelaxPath,8,7.82842712474619,1,0.06153846153846154,1,0,0.015625,0.0,0.0,0.0546875,0.0546875,0.0546875,0.2109375,0.1171875
50,50,0.65,0.2,20,50,1133,1066,HeuristicRelaxPath,18,17.414213562373096,1,0.06153846153846154,1,0,0.03125,0.0,0.0,0.0546875,0.0546875,0.0546875,0.2109375,0.1953125
50,50,0.65,0.25,20,50,344,1068,HeuristicRelaxPath,28,33.62741699796953,52,0.5538461538461538,9,0,0.015625,0.0,0.015625,0.0546875,0.0546875,0.0546875,0.7109375,0.2734375
,,,,,,,,,,,,,,,,,,,,,,
50,50,0.65,0.45,20,50,555,502,HeuristicRelaxPath,4,3.414213562373095,1,0.06153846153846154,1,0,0.015625,0.0,0.0,0.0546875,0.0546875,0.0546875,0.2109375,0.0859375
50,50,0.65,0.5,20,50,2066,481,HeuristicRelaxPath,34,40.45584412271572,1,0.06153846153846154,1,0,0.046875,0.0,0.0,0.0546875,0.0546875,0.0546875,0.2109375,0.3203125
50,50,0.65,0.65,20,50,2160,2472,HeuristicRelaxPath,13,15.313708498984763,1,0.06153846153846154,1,0,0.03125,0.0,0.0,0.0546875,0.0546875,0.0546875,0.2109375,0.15625
50,50,0.65,0.7,20,50,610,302,HeuristicRelaxPath,9,10.485281374238571,1,0.06153846153846154,1,0,0.03125,0.0,0.0,0.0546875,0.0546875,0.0546875,0.2109375,0.125
50,50,0.65,0.75,20,50,1328,1897,HeuristicRelaxPath,23,26.142135623730955,1,0.06153846153846154,1,0,0.03125,0.0,0.0,0.0546875,0.0546875,0.0546875,0.2109375,0.234375
50,50,0.65,0.8,20,50,2045,1139,HeuristicRelaxPath,21,23.313708498984763,1,0.06153846153846154,1,0,0.03125,0.0,0.0,0.0546875,0.0546875,0.0546875,0.2109375,0.21875
50,50,0.65,0.85,20,50,1158,583,HeuristicRelaxPath,26,29.970562748477146,1,0.06153846153846154,1,0,0.03125,0.0,0.0,0.0546875,0.0546875,0.0546875,0.2109375,0.2578125
50,50,0.65,0.9,20,50,2386,2197,HeuristicRelaxPath,12,12.65685424949238,34,0.3692307692307692,6,0,0.03125,0.0,0.0,0.0546875,0.0546875,0.0546875,0.7109375,0.1484375
,,,,,,,,,,,,,,,,,,,,,,
,,,,,,,,,,,,,,,,,,,,,,
50,50,0.65,0.1,20,50,446,1932,HeuristicRelaxPath,35,42.2842712474619,1,0.06153846153846154,1,0,0.03125,0.0,0.0,0.0546875,0.0546875,0.0546875,0.2109375,0.328125
50,50,0.65,0.15,20,50,1541,1624,HeuristicRelaxPath,21,24.55634918610405,1,0.06153846153846154,1,0,0.015625,0.0,0.0,0.0546875,0.0546875,0.0546875,0.2109375,0.21875
50,50,0.65,0.2,20,50,2324,419,HeuristicRelaxPath,39,40.89949493661167,1,0.06153846153846154,1,0,0.03125,0.015625,0.0,0.0546875,0.0546875,0.0546875,0.2109375,0.359375
,,,,,,,,,,,,,,,,,,,,,,
50,50,0.65,0.3,20,50,288,2237,HeuristicRelaxPath,40,41.89949493661166,1,0.06153846153846154,1,0,0.03125,0.0,0.0,0.0546875,0.0546875,0.0546875,0.2109375,0.3671875
50,50,0.65,0.45,20,50,1025,1770,HeuristicRelaxPath,16,17.071067811865476,19,0.24615384615384617,4,0,0.015625,0.0,0.015625,0.0546875,0.0546875,0.0546875,0.2109375,0.1796875
50,50,0.65,0.5,20,50,264,2465,HeuristicRelaxPath,46,52.45584412271568,572,8.615384615384615,140,0,0.03125,0.015625,0.078125,0.0546875,0.0546875,0.0546875,8.2109375,0.4140625
50,50,0.65,0.65,20,50,156,977,HeuristicRelaxPath,22,27.62741699796953,83,0.9230769230769231,15,0,0.03125,0.0,0.0,0.0546875,0.0546875,0.0546875,0.7109375,0.2265625
50,50,0.65,0.7,20,50,491,494,HeuristicRelaxPath,4,3,1,0.06153846153846154,1,0,0.03125,0.015625,0.0,0.0546875,0.0546875,0.0546875,0.2109375,0.0859375
50,50,0.65,0.75,20,50,927,1219,HeuristicRelaxPath,9,10.485281374238571,1,0.06153846153846154,1,0,0.03125,0.0,0.0,0.0546875,0.0546875,0.0546875,0.2109375,0.125
50,50,0.65,0.8,20,50,229,1956,HeuristicRelaxPath,37,45.112698372208094,1,0.06153846153846154,1,0,0.015625,0.0,0.0,0.0546875,0.0546875,0.0546875,0.2109375,0.34375
50,50,0.65,0.85,20,50,1648,522,HeuristicRelaxPath,47,52.6274169979695,118,1.2307692307692308,20,0,0.03125,0.0,0.0,0.0546875,0.0546875,0.0546875,2.2109375,0.421875
,,,,,,,,,,,,,,,,,,,,,,
50,50,0.65,0.95,20,50,1913,402,HeuristicRelaxPath,40,50.59797974644665,1,0.06153846153846154,1,0,0.03125,0.015625,0.0,0.0546875,0.0546875,0.0546875,0.2109375,0.3671875
50,50,0.65,1.0,20,50,1186,2111,HeuristicRelaxPath,26,32.87005768508882,1,0.06153846153846154,1,0,0.046875,0.0,0.0,0.0546875,0.0546875,0.0546875,0.2109375,0.2578125
50,50,0.65,0.1,20,50,2181,487,HeuristicRelaxPath,35,38.142135623730944,1,0.06153846153846154,1,0,0.03125,0.0,0.0,0.0546875,0.0546875,0.0546875,0.2109375,0.328125
50,50,0.65,0.15,20,50,1319,2447,HeuristicRelaxPath,31,39.11269837220809,132,1.9076923076923078,31,0,0.015625,0.0,0.015625,0.0546875,0.0546875,0.0546875,2.2109375,0.296875
50,50,0.65,0.2,20,50,379,1472,HeuristicRelaxPath,38,42.79898987322332,1,0.06153846153846154,1,0,0.03125,0.015625,0.0,0.0546875,0.0546875,0.0546875,0.2109375,0.3515625
50,50,0.65,0.25,20,50,60,2405,HeuristicRelaxPath,48,57.355339059327335,1,0.06153846153846154,1,0,0.015625,0.0,0.0,0.0546875,0.0546875,0.0546875,0.2109375,0.4296875
,,,,,,,,,,,,,,,,,,,,,,
50,50,0.65,0.45,20,50,223,369,HeuristicRelaxPath,5,5.242640687119286,1,0.06153846153846154,1,0,0.015625,0.0,0.0,0.0546875,0.0546875,0.0546875,0.2109375,0.09375
50,50,0.65,0.5,20,50,782,87,HeuristicRelaxPath,29,31.72792206135786,52,0.6153846153846154,10,0,0.03125,0.015625,0.0,0.0546875,0.0546875,0.0546875,0.7109375,0.28125
50,50,0.65,0.65,20,50,1619,1570,HeuristicRelaxPath,2,1.4142135623730951,1,0.06153846153846154,1,0,0.046875,0.0,0.0,0.0546875,0.0546875,0.0546875,0.2109375,0.0703125
50,50,0.65,0.7,20,50,1225,313,HeuristicRelaxPath,22,24.72792206135786,1,0.06153846153846154,1,0,0.03125,0.015625,0.0,0.0546875,0.0546875,0.0546875,0.2109375,0.2265625
50,50,0.65,0.75,20,50,763,662,HeuristicRelaxPath,3,2.414213562373095,1,0.06153846153846154,1,0,0.015625,0.0,0.0,0.0546875,0.0546875,0.0546875,0.2109375,0.078125
50,50,0.65,0.8,20,50,2443,2019,HeuristicRelaxPath,25,27.313708498984763,1,0.06153846153846154,1,0,0.03125,0.0,0.0,0.0546875,0.0546875,0.0546875,0.2109375,0.25
50,50,0.65,0.85,20,50,1024,610,HeuristicRelaxPath,22,23.899494936611667,1,0.06153846153846154,1,0,0.03125,0.0,0.0,0.0546875,0.0546875,0.0546875,0.2109375,0.2265625
50,50,0.65,0.9,20,50,1499,1929,HeuristicRelaxPath,21,23.72792206135786,1,0.06153846153846154,1,0,0.03125,0.0,0.0,0.0546875,0.0546875,0.0546875,0.2109375,0.21875
50,50,0.65,0.95,20,50,71,445,HeuristicRelaxPath,29,32.55634918610405,1,0.06153846153846154,1,0,0.03125,0.015625,0.0,0.0546875,0.0546875,0.0546875,0.2109375,0.28125
50,50,0.65,1.0,20,50,1941,1965,HeuristicRelaxPath,27,27.242640687119287,1,0.06153846153846154,1,0,0.046875,0.0,0.0,0.0546875,0.0546875,0.0546875,0.2109375,0.265625
50,50,0.65,0.1,20,50,173,1130,HeuristicRelaxPath,20,21.899494936611667,1,0.06153846153846154,1,0,0.015625,0.0,0.0,0.0546875,0.0546875,0.0546875,0.2109375,0.2109375
50,50,0.65,0.15,20,50,1709,496,HeuristicRelaxPath,38,47.35533905932738,1,0.06153846153846154,1,0,0.03125,0.0,0.0,0.0546875,0.0546875,0.0546875,0.2109375,0.3515625
50,50,0.65,0.2,20,50,2111,2290,HeuristicRelaxPath,30,30.242640687119287,1,0.06153846153846154,1,0,0.015625,0.015625,0.0,0.0546875,0.0546875,0.0546875,0.2109375,0.2890625
50,50,0.65,0.25,20,50,1479,2405,HeuristicRelaxPath,28,33.627416997969526,1,0.06153846153846154,1,0,0.03125,0.0,0.0,0.0546875,0.0546875,0.0546875,0.2109375,0.2734375
50,50,0.65,0.3,20,50,1693,2126,HeuristicRelaxPath,18,20.72792206135786,1,0.06153846153846154,1,0,0.015625,0.0,0.0,0.0546875,0.0546875,0.0546875,0.2109375,0.1953125
50,50,0.65,0.45,20,50,1484,1816,HeuristicRelaxPath,26,27.485281374238575,56,0.5538461538461538,9,0,0.03125,0.0,0.0,0.0546875,0.0546875,0.0546875,0.7109375,0.2578125
50,50,0.65,0.5,20,50,653,609,HeuristicRelaxPath,7,7.242640687119286,1,0.06153846153846154,1,0,0.015625,0.0,0.0,0.0546875,0.0546875,0.0546875,0.2109375,0.109375
50,50,0.65,0.65,20,50,1497,1053,HeuristicRelaxPath,50,56.870057685088796,45,0.49230769230769234,8,0,0.0625,0.0,0.0,0.0546875,0.0546875,0.0546875,0.7109375,0.4453125
50,50,0.65,0.7,20,50,276,1316,HeuristicRelaxPath,22,25.142135623730955,223,3.0153846153846153,49,0,0.03125,0.0,0.03125,0.0546875,0.0546875,0.0546875,2.2109375,0.2265625
,,,,,,,,,,,,,,,,,,,,,,
,,,,,,,,,,,,,,,,,,,,,,
50,50,0.65,0.85,20,50,1785,2314,HeuristicRelaxPath,22,25.55634918610405,1,0.06153846153846154,1,0,0.03125,0.0,0.0,0.0546875,0.0546875,0.0546875,0.2109375,0.2265625
50,50,0.65,0.9,20,50,545,367,HeuristicRelaxPath,29,29.242640687119287,1,0.06153846153846154,1,0,0.03125,0.015625,0.0,0.0546875,0.0546875,0.0546875,0.2109375,0.28125
50,50,0.65,0.95,20,50,2296,975,HeuristicRelaxPath,34,38.798989873223334,1,0.06153846153846154,1,0,0.046875,0.015625,0.0,0.0546875,0.0546875,0.0546875,0.2109375,0.3203125
50,50,0.65,1.0,20,50,978,821,HeuristicRelaxPath,8,8.242640687119284,1,0.06153846153846154,1,0,0.046875,0.0,0.0,0.0546875,0.0546875,0.0546875,0.2109375,0.1171875
